05203CC100,Nhãn áp suất lốp,M0013
09100CC000,Bộ đồ nghề,M0013
1015306161CS,Bu lông cấy body,M0013
1018805163,Vít bắt mảng ốp taplo dưới trục lái,M0013
1018904123,Vít bắt lông mi cửa,M0013
1022510007K,Đai ốc bắt thanh giằng phuộc,M0013
1123008146B,Bu lông bắt ống dầu phanh vào phuộc trước,M0013
1123308166P,Bu lông bắt đi li hợp,M0013
1123308201,Bu lông bắt cần thắng tay,M0013
1125106161,Bu lông bắt khóa ngậm cốp,M0013
1125106166B,Bu lông bắt ống nhiên liệu dài,M0013
1125106206B,Bu lông lắp pát trên két nước,M0013
1125108201,Bu lông bắt tấm gia cố mảng hông,M0013
1125108206B,Bu lông bắt pát cáp thắng tay,M0013
1125108256B,Bu lông bắt ghết cửa,M0013
1125110306K,Bu lông bắt thùng nhiên liệu,M0013
1125206201,Bu lông bắt pát bắt ghế trẻ em,M0013
1125210306P,Bu lông bắt pát động cơ,M0013
1125306206B,Bu lông bắt tấm hướng gió két nước,M0013
1125406201,Bu lông bắt ốp trụ C,M0013
1125406206B,Bu lông bắt óng hồi ga lạnh và xương hông,M0013
1125406256B,Bu lông bắt cản trước vào pát trên két nước,M0013
1125406306B,Bu lông bắt hộp tựa tay,M0013
1125408203,Bu lông bắt cụm taplo vào body,M0013
1125408206B,Bu lông bắt cụm ABS vào body,M0013
1125408256K,Bu lông bắt xương cản sau,M0013
1125408351,Bu lông bắt cần số,M0013
1125408451,Bu lông bắt xương taplo vào body,M0013
1125410306B,Bu lông bắt ghế,M0013
1125606161,Bu lông bắt kính trần,M0013
1125606201,Bu lông bắt túi khí rèm,M0013
1127306167K,bu lông bắt dây điện động cơ,M0013
1127406207K,Bu lông bắt chóng nóng dây điện động cơ,M0013
1127806161,Bu lông bắt dây an toàn,M0013
1128106256B,Bu lông bắt hộp cầu chì động cơ,M0013
1129006166B,Bu lông bắt còi chống trộm,M0013
1129008256B,Bu lông bắt đế bình điện,M0013
1129008306B,Bu lông bát kẹp khóa bình điện,M0013
1129306146K,Bu lông bắt cảm biến tốc độ,M0013
1129308201,Bu lông bản lề cốp,M0013
1140306106K,Bu lông bắt chóng nóng thước lái,M0013
1140306126K,Bu lông bắt hộp ECU,M0013
1140306141,Bu lông bắt kính cửa,M0013
1140306146B,Bu lông bắt nắp nhiên liệu,M0013
1140306456K,Bu lông bắt ống ga hồi,M0013
1140308166B,Bu lông bắt dây mass hộp số,M0013
1140308167K,Bu lông bắt pát dây điện động cơ,M0013
1140410256P,Bu lông bắt hộp số vào động cơ,M0013
1140410306K,Bu lông bắt trục nối trụ láp,M0013
1140410356P,Bu lông bắt hộp số vào động cơ,M0013
1140410406P,Bu lông bắt hộp số vào động cơ,M0013
1140410506P,Bu lông bắt hộp số vào động cơ,M0013
1140410556P,Bu lông bắt hộp số vào động cơ,M0013
1140610206K,Bu lông bắt thanh giằng vào cầu trước,M0013
1140806141,Bu lông bắt xương két nước,M0013
1140806161,Bu lông bắt tay nắm cửa,M0013
1140910306K,Bu lông bắt thanh giằng động cơ vào cầu trước,M0013
1141306167C,Bu lông bắt dây cầu chì,M0013
1141308167C,Bu bắt dây mass động cơ,M0013
1141506163,Bu lông bắt dây điện sàn,M0013
1142106186B,Bu lông bắt ty cốp,M0013
1142406161,Bu lông bắt bản lề cốp,M0013
1142506167P,Bu lông bắt mass vị trí trụ A,M0013
1143008251,Bu lông bắt bản lề cửa,M0013
1144206251,Bu lông bắt cảm biến va chạm trụ B,M0013
1145208246B,Bu lông bắt xương cản trước ,M0013
1145508243,Bu lông bắt nệm ghế sau,M0013
1163008806P,Bu lông bắt máy nén vào động cơ,M0013
1220306167K,Vít bắt cụm phanh tang trống sau,M0013
1229005141,Vít bắt công tắt đa năng trên vô lăng,M0013
1229406221,Vít bắt tấm che nắng,M0013
1244105207B,Vít bắt cản trước,M0013
1244106207B,Vít bắt pát cản sau,M0013
1249205163,Vít bắt ốp hông ,M0013
1249206207B,Vít bắt đèn hậu,M0013
1249303107E,Vít bắt camera lùi,M0013
1249304203,Vít bắt tappi cốp,M0013
1249305167E,Vít bắt cản sau,M0013
1249305257E,vít bắt pát cản sau,M0013
1249306257E,Vít bắt ốp lườn hông,M0013
1290006161,Bu lông cấy body,M0013
1291506201CS,Bu lông,M0013
1318012000,Đai ốc bắt ống xả ,M0013
1326212007K,Đai ốc bắt moay ơ trước,M0013
1327006007K,Đai ốc bắt ống nhiên liệu vào động cơ,M0013
1327106001,Đai ốc bắt ổ gió taplo,M0013
1327106007K,Đai ốc bắt ống ga vào ổ gió taplo,M0013
1327110001,Đai ốc bắt bản lề cốp,M0013
1334106007B,Đai ốc bắ đèn biển số,M0013
1336606001,Đai ốc bắt ACU vào mảng sàn,M0013
1337506001,Đai ốc bắt kính trần,M0013
1338006007K,Đai ốc bắt baga mui,M0013
1338108003,Đai ốc bắt trục lái vào xương taplo,M0013
1338506001,Đai ốc bắt tựa tay sau,M0013
1338506007K,Đai ốc bắt ông đầu ABS,M0013
1338606007K,Đai ốc bắt cáp phanh dừng,M0013
1338712007K,Đai ốc bắt pát động cơ vào động cơ,M0013
1339506001,Đai ốc bắt gương chiếu hậu,M0013
1339508007K,Đai ốc bắt cáp phanh dừng,M0013
1339606007K,Đai ốc bắt ống dầu phanh,M0013
1339608001,Đai ốc bàn đạp phanh,M0013
1339608007K,Đai ốc bắt cáp số với cần số,M0013
1339610007K,Đai ốc bắt pát động cơ,M0013
1339612007K,Đai ốc bắt phuộc trước vào body,M0013
1350410261,Lồng đền trục lái,M0013
1360210006K,Lồng đền trục lái,M0013
1360212006K,Lồng đền cụm phanh vào moay ơ,M0013
1420608250B,Nút nhận lòng vè chắn bùn,M0013
1420806216,Nút nhận tấm cách nhiệt động cơ,M0013
1491004000,Nút đệm bắn vít tappi cốp,M0013
1491005000,Nút nhận bắng vít bắt cản trước,M0013
1731312000,Nút nhận mảng đầu,M0013
1731316000,Nút nhận mảng đầu,M0013
1731320000,Nút nhận trụ A,M0013
1731325000,Nút nhận mảng đầu,M0013
1731335000,Nút nhận mảng 1/4,M0013
1731825000B,Nút nhận mảng sàn,M0013
1731925290G,Nút nhận mảng hông trước,M0013
1732538660,Nút su nhận mảng sàn,M0013
1733040000B,Nút nhận mảng hông trước,M0013
1735125000B,Nút nhận mảng hông trước,M0013
1735650000B,Nút nhận mảng sàn sau,M0013
1737516034B,"Su capo, su cốp",M0013
1922707283,Bu lông bắt dây an toàn,M0013
214142M010,Nắp che lỗ bánh đà,M0013
21810CC400,Pát treo động cơ,M0013
21810CC450,Pát treo động cơ,M0013
218212G536K,Bu lông bắt pát động cơ vào động cơ,M0013
21825Q6000,Pát treo động cơ,M0013
21830CC200,Pát treo hộp số ,M0013
21830CC450,Pát treo hộp số ,M0013
219200U000,Bu lông bắt pát hộp số,M0013
21950CC400,Thanh giằng hộp số với cầu trước,M0013
21950CC450,Thanh giằng hộp số với cầu trước,M0013
219911J100,Bu lông bắt thanh giằng hộp số,M0013
252122M000,Dây cu roa gân V dài 1200mm,M0013
25304CC010,Két nước,M0013
25304CC050,Két nước,M0013
25327CC000,Ống nước từ két nước vào động cơ,M0013
253361S000,Su đệm dưới két nước,M0013
25337CC000,Pát trên két nước-LH,M0013
25338CC000,Pát trên két nước-RH,M0013
25388B1000,Nhãn cãnh báo ,M0013
25414CC100,Ống nước nối két nước vào động cơ,M0013
25415CC100,Ống nước hồi dưới két nước,M0013
25420CC100,Ống nạp ga lạnh,M0013
25425CC100,Ống ga hồi,M0013
28100CC350,Bầu E,M0013
281711C000,Bu lông,M0013
28210CC100,Ống dẫn khí nạp,M0013
28213CC100,Ống hướng gió khí nạp,M0013
28218CC100,Bầu xử lí tiếng rít gió,M0013
28610CC420,Ống xả trước,M0013
28700CC410,Ống xả giữa và sau,M0013
287512B200,Lồng đền ống xả,M0013
287512H000,Lồng đền ống xả,M0013
28791CC000,Tấm chóng nóng ống xả trước,M0013
28795CC000,Ống chóng nóng ống xả sau,M0013
29110CC000,Tấm chắn bùn phía dưới động cơ,M0013
29135CC000,Tấm hướng gió két nước,M0013
292402M000,Nắp che động cơ,M0013
3101038600,Nắp vặn cổ ống nhiên liệu,M0013
31030CC100,Cổ ống nhiên liệu,M0013
31038M6000,Nhãn nắp nhiên liệu,M0013
310391,Bu lông bắt cổ ống nhiên liệu,M0013
31100CC100X,Thùng nhiên liệu,M0013
31107CC000,Nắp bình nhiên liệu,M0013
311092B000,Đai ốc bắt thùng nhiên liệu,M0013
31300CC450,Ống nhiên liệu dài,M0013
31328A0000,Cổ dê ống nạp nhiên liệu,M0013
327001S000,Bàn đạp ga,M0013
32800CC100X,Bàn đạp phanh,M0013
32800CC200X,Bàn đạp phanh,M0013
32802CC100X,Bàn đạp côn,M0013
361002M370,Bộ khởi động,M0013
361732M000,Bu lông bắt máy khởi động,M0013
37110H6450,Bình điện 45A,M0013
37112Q6450,Chóng nóng bình điện,M0013
37150T7100,Đế bình điện,M0013
37160A0000,Kẹp bình điện,M0013
37180CC100,Cảm biến bình điện,M0013
391002M425,Hộp ECU,M0013
391002M426,Hộp ECU,M0013
392102M370,Cảm biến Oxy ống xả,M0013
4110026AJ0,Đĩa li hợp,M0013
4130026AJ0,Nắp đậy li hợp,M0013
41630CC200,Ống dầu li hợp,M0013
4212121720,Bu lông bánh đà,M0013
430B026153,"Hộp số sàn 6 cấp, li hợp kép",M0013
4317226000,Bu lông bắt thanh giằng hộp số,M0013
4317626280,Pát đỡ dưới hộp số,M0013
43700CC000WK,Cần số sàn,M0013
437771G100,Chốt chẻ dây số,M0013
4377725000,Chốt chẻ dây số,M0013
43790CC920,Cáp dây số,M0013
46700CC100,Cần số tự động,M0013
46705CC100WK,Cục nắm cần số,M0013
46705CC110EFA,Cục nắm cần số,M0013
46790CC910,Dây cáp số tự động,M0013
480002H058,Hộp số tự động CVT vô cấp,M0013
482172H145,Pát dưới hộp số,M0013
49500CC400,Trục láp LH,M0013
49500CC500,Trục láp LH,M0013
49501CC400,Trục láp RH,M0013
49501CC500,Trục láp RH,M0013
495513X000,Đai ốc trục láp,M0013
49560CC600,Trục nối trục láp,M0013
49560CC700,Trục nối trục láp,M0013
51705CC500,Moay-ơ trước LH,M0013
51706CC500,Moay-ơ trước RH,M0013
517572D000,Bu lông bắt phuộc trước vào moay ơ,M0013
52730K3000,Moay-ơ bánh sau,M0013
52735K7000,Đa ốc bắt moay ơ vào cụm phanh sau,M0013
52910CC200,Mâm đúc 16 inch,M0013
52910CC900,Mâm sắt dự phòng,M0013
529212B005,Chì cân bằng,M0013
529212B010,Chì cân bằng,M0013
529212B015,Chì cân bằng,M0013
529212B020,Chì cân bằng,M0013
529212B025,Chì cân bằng,M0013
529212B030,Chì cân bằng,M0013
529212B035,Chì cân bằng,M0013
529212B040,Chì cân bằng,M0013
529212B045,Chì cân bằng,M0013
529212B050,Chì cân bằng,M0013
529212F011,Chì cân bằng,M0013
529212F021,Chì cân bằng,M0013
529212F031,Chì cân bằng,M0013
529212F041,Chì cân bằng,M0013
529212F051,Chì cân bằng,M0013
529212F061,Chì cân bằng,M0013
529212F071,Chì cân bằng,M0013
529212F081,Chì cân bằng,M0013
52931K3140,Lốp dự phòng 195/65R15,M0013
52931K3270,Lốp chính 215/60R16,M0013
529330X000,Van lốp,M0013
52940BV100,Van lốp (có cảm biến áp suất),M0013
529504D100,Đai ốc bắt bánh xe,M0013
52960Q5SS0,Chụp mâm,M0013
545591F000,Đai ốc bắt phuộc trước vào moay ơ,M0013
54600CC300,Phuộc trước-LH,M0013
54600CC350,Phuộc trước-LH,M0013
54601CC300,Phuộc trước-RH,M0013
54601CC350,Phuộc trước-RH,M0013
5462707100,Chụp phuộc,M0013
546271J500,Chụp phuộc,M0013
54810CC000,Thanh giằng ngang,M0013
54830CC000,Thanh giằng đứng,M0013
55100CC000,Cầu sau,M0013
5511707100,Bu lông bắt phuộc vào cầu sau,M0013
55117CC000,Đai ốc bắt cầu sau,M0013
55300CC000,Phuộc sau,M0013
55335CC350,Lò xo sau,M0013
553801C000,Chụp phuộc,M0013
56100CC010WK,Vô lăng,M0013
56100CC710SRV,Vô lăng,M0013
56100CC730SRW,Vô lăng,M0013
56115B1000,Đai ốc bắt vô lăng,M0013
56300CC200,Trục lái,M0013
56300CC300,Trục lái,M0013
56315F2000,Đai ốc bắt trục lái vào xương taplo,M0013
564152H000,Bu lông bắt trục lái vào thước lái,M0013
56500CC000,Thước lái,M0013
57280C8000,Chóng nóng trục lái,M0013
57725B4000,Bu lông bắt thước lái vào cầu trước,M0013
577994D200,Chốt chẻ lắp thước lái với moay ơ,M0013
58110K3000,Cụm thắng trước LH,M0013
58130K3000,Cụm thắng trước RH,M0013
581512,Bu lông bắt cụm phanh vào moay ơ trước,M0013
58310CC000,Cụm thắng sau LH,M0013
58360CC000,Cụm thắng sau RH,M0013
58411K3000,Tang trống thắng sau,M0013
58500CC500,Bầu trợ lực chân không,M0013
585803B000,Chốt chẻ kết nối bầu trợ lực với bàn đạp phanh,M0013
58710CC500,Ống dầu ABS,M0013
58711CC300,Ống dầu ABS,M0013
587262F000,Bu lông bắt ống dầu phanh vào bầu trợ lực chân không,M0013
5872711000,Pát ống dầu phanh,M0013
58731CC000,Ống dầu phanh bánh trước LH,M0013
58732CC000,Ống dầu phanh bánh trước RH,M0013
58737CC000,Ống dầu phanh bánh sau LH,M0013
58738CC000,Ống dầu phanh bánh sau RH,M0013
587971R000,Siu đồng ống dầu phanh,M0013
58900CC600,Bộ ESC,M0013
58900CC800,Bộ ESC,M0013
58930CC300,Cảm biến tốc độ bánh xe trước LH,M0013
58940CC300,Cảm biến tốc độ bánh xe trước RH,M0013
58950CC000,Cảm biến tốc độ bánh xe sau LH,M0013
58960CC000,Cảm biến tốc độ bánh xe sau RH,M0013
59130CC500,Ống hơi chân không,M0013
59710CC900,Cần thắng tay,M0013
59710CC910,Cần thắng tay,M0013
59760CC800,Cáp thắng tay LH,M0013
59770CC800,Cáp thắng tay RH,M0013
62401CC000,Thanh xương đóng số VIN,M0013
62419CC000,Bu lông bắt tay đòn cầu trước,M0013
626181S000,Đai ốc bắt tay đòn cầu trước,M0013
62850K3100,Khóa lốp dự phòng,M0013
64150CC000,Xương trên két nước,M0013
64160CC000,Xương dưới két nước,M0013
64300CC900,Mảng điều khiển sàn trước,M0013
64300CC950,Mảng điều khiển sàn trước,M0013
64500CC900,Xương dọc sàn trước LH,M0013
64600CC900,Xương dọc sàn trước RH,M0013
64900CC900,Xương cản trước,M0013
65112CC000,Mặt panel hông sàn giữa LH,M0013
65122CC000,Mặt panel hông sàn giữa RH,M0013
65131CC000X,Mảng gia cố sàn giữa,M0013
65140CC000X,Pách gia cố sàn giữa,M0013
65151CC900X,Xương lắp ghế trước LH,M0013
65161CC900X,Xương lắp ghế trước RH,M0013
65170CC000,Mặt panel hông trong LH,M0013
65175CC000X,Xương bắt ghế sau LH,M0013
65180CC000,Mặt panel hông trong RH,M0013
65186CC000X,Xương bắt ghế sau RH,M0013
651B2CC000,Tấm gia cố sàn giữa RH,M0013
651B7CC000,Xương hông trên sàn giữa RH,M0013
651C7CC000,Xương gia cố sàn giữa,M0013
65212CC000,Xương hông sàn giữa LH,M0013
65222CC000,Xương hông sàn giữa RH,M0013
65233CC000,Pát thắng tay LH,M0013
65512CC900,Mảng sàn sau,M0013
65514CC900,Mảng sau sàn sau,M0013
65521CC900X,Thanh nối trước sàn sau,M0013
65533CC000,Mảng gia cố lốp dự phòng,M0013
65553CC000,Pát khóa ghế trẻ em LH,M0013
655591S200,Đai ốc cây chóng capo,M0013
65563CC000,Pát khóa ghế trẻ em RH,M0013
65577CC000,Pát ghế sau LH,M0013
65581H8000,Pát lốp dự phòng,M0013
65610CC000,Xương trước sàn sau LH,M0013
65630CC000,Xương giữa sàn sau LH,M0013
65652CC000,Pát ốp đuôi sàn sau LH,M0013
65662CC000,Pát ốp đuôi sàn sau RH,M0013
65710CC900,Xương hông sàn sau LH,M0013
65720CC900,Xương hông sàn sau RH,M0013
657E3K3000,Pát bắt ống xả,M0013
66311CC050,Gò má LH,M0013
66321CC050,Gò má RH,M0013
66400CC010,Mảng Capo,M0013
66910CC000,Bản lề capo LH,M0013
66920CC000,Bản lề capo RH,M0013
67111CC000,Mảng mui kín,M0013
67111CC050,Mảng mui có kính trần,M0013
67115CC050,Gia cố mui mảng cửa sổ trời,M0013
67121CC000,Ray mui trước,M0013
67132CC000,Ray mui sau,M0013
67142CC000,Ray mui giữa số 2,M0013
67152CC000,Ray mui giữa số 1,M0013
67162CC000,Ray mui giữa số 3,M0013
67172CC000,Ray mui giữa số 4,M0013
67331CC000,Pát baga mui số 1 LH,M0013
67331Q5000,Pát baga mui số 1 LH,M0013
67341CC000,Pát baga mui số 1 RH,M0013
67341Q5000,Pát baga mui số 1 RH,M0013
67363A4000,Pát giữa baga mui LH,M0013
69100CC100,Mảng xương lưng,M0013
69510CC000,Nắp nhiên liệu,M0013
69554B4000,Bản lề nắp nhiên liệu,M0013
71110CC900X,Tấm gia cố mảng hông LH,M0013
71110CC950X,Tấm gia cố mảng hông RH,M0013
71112CC000,Mảng hông LH,M0013
71117C9000,Pát sau gò má,M0013
71120CC900X,Tấm gia cố mảng hông RH,M0013
71120CC950X,Tấm gia cố mảng hông RH,M0013
71122CC000,Mảng hông RH,M0013
71238CC000,Pát gia cố taplo LH,M0013
71248CC000,Pát gia cố taplo RH,M0013
71531CC000,Ống và họng nhiên liệu,M0013
71550CC000,Mảng hông sau LH,M0013
71551CC000,Pát bắt ghết cửa LH,M0013
71560CC000,Mảng hông sau RH,M0013
71561CC000,Pát bắt ghết cửa RH,M0013
71611CC000,Mảng 1/4 dưới LH,M0013
71621CC000,Mảng 1/4 dưới RH,M0013
71630CC000X,Mảng 1/4 trên LH,M0013
71640CC000X,Mảng 1/4 trên RH,M0013
71651CC000X,Mảng lồng vè LH,M0013
71661CC000X,Mảng lồng vè RH,M0013
71758CC000,Tấm gia cố trụ C LH,M0013
71768CC000,Tấm gia cố trụ C RH,M0013
71813CC000,Pát bắt bản lề ghế LH,M0013
71815CC000,Pát bắt ghết ghế LH,M0013
71823CC000,Pát bắt bản lề ghế RH,M0013
71825CC000,Pát bắt ghết ghế RH,M0013
72800CC330,Mảng cốp sau,M0013
76111CC000,Mảng ngoài cửa trước LH,M0013
761154E900,Miếng dán sàn ,M0013
76121CC000,Mảng ngoài cửa RH,M0013
76131CC000,Ray cửa trước LH,M0013
76141CC000,Ray cửa trước RH,M0013
76150CC000,Tấm gia cố cửa trước LH,M0013
76160CC000,Tấm gia cố cửa trước RH,M0013
76211CC000,Mảng trong cửa LH,M0013
76221CC000,Mảng trong cửa RH,M0013
76232A5000,Pát bản lề cửa ,M0013
76232D0000,Pát bản lề cửa ,M0013
76272CC000,Tấm gia cố bản lề dưới cửa trước LH,M0013
76282CC000,Tấm gia cố bản lề dưới cửa trước RH,M0013
76410CC000,Compa kính cửa trước LH,M0013
76420CC000,Compa kính cửa trước RH,M0013
76512CC000,Miếng dán đen trên cửa trước LH,M0013
76513CC000,Miếng dán đen sau cửa trước LH,M0013
76522CC000,Miếng dán đen trên cửa trước RH,M0013
76523CC000,Miếng dán đen sau cửa trước RH,M0013
76980CC000,Ghết cửa trước LH,M0013
77111CC000,Mảng ngoài cửa sau LH,M0013
7711521000,Miếng dán ngoài cửa sau,M0013
771164A001,Miếng dán cửa sau,M0013
77121CC000,Mảng ngoài cửa sau RH,M0013
77131CC000,Ray cửa sau LH,M0013
77141CC000,Ray cửa sau RH,M0013
77150CC000,Tấm gia cố cửa sau LH,M0013
77160CC000,Tấm gia cố cửa sau RH,M0013
77195CC000,Xương cửa sau,M0013
77196CC000,Xương cửa sau,M0013
77211CC000,Mảng trong cửa sau LH,M0013
77221CC000,Mảng trong cửa sau RH,M0013
77251CC000,Gia cố khóa cửa sau LH,M0013
77261CC000,Gia cố khóa cửa sau RH,M0013
77271CC000,Gia cố bản lề cửa sau LH,M0013
77281CC000,Gia cố bản lề cửa sau RH,M0013
77410CC100,Ốp trang tri cửa sau LH,M0013
77420CC100,Ốp trang tri cửa sau LH,M0013
77511CC000,Miếng dán đen trước cửa sau LH,M0013
77512CC000,Miếng dán đen trên cửa sau LH,M0013
77513CC000,Miếng dán đen sau cửa sau LH,M0013
77521CC000,Miếng dán đen trước cửa sau RH,M0013
77522CC000,Miếng dán đen trên cửa sau RH,M0013
77523CC000,Miếng dán đen trên cửa sau RH,M0013
77980CC000,Ghết cửa sau LH,M0013
7915222000,Bu lông bản lề capo,M0013
793102H000,Bản lề cửa trước Lh,M0013
793102V000,Bản lề cửa trước Lh,M0013
793151Y000,Bản lề dưới cửa trước LH,M0013
793202H000,Bản lề cửa trước RH,M0013
793202V000,Bản lề cửa trước RH,M0013
793251Y000,Bản lề dưới cửa trước RH,M0013
79359A0000,Bu lông bắt bản lề cửa,M0013
794103K000,Bản lề trên cửa sau LH,M0013
794203K000,Bản lề trên cửa sau RH,M0013
797701J000,Bản lề cốp sau,M0013
80100CC500WK,Túi khí tài,M0013
80300CC000,Túi khí phụ,M0013
80410CC000,Túi khí rèm LH,M0013
80420CC000,Túi khí rèm RH,M0013
81125CC000,Tấm cách nhiệt capo,M0013
8112637010,Nút nhận tấm cách nhiệt capo,M0013
81130CC010,Khóa capo,M0013
811633Z000,Ty chống capo,M0013
81170CC000,Cây chóng capo,M0013
8117421010,Nút kẹp giữ cây chông capo,M0013
81190CC000,Cáp khóa capo,M0013
8119938000,Kẹp dây cáp capo,M0013
812102S001,Ghết cốp,M0013
81260J7700,Tay nắm và công tắc mở cốp,M0013
81310CC110,Khóa cửa trước LH,M0013
81310CC150,Khóa cửa trước LH,M0013
81320CC010,Khóa cửa trước RH,M0013
81320CC050,Khóa cửa trước RH,M0013
81410CC010,Khóa cửa sau LH,M0013
81420CC010,Khóa cửa sau RH,M0013
81450A4000,Ghết cửa,M0013
814563S000,Vít bắt ghết cửa,M0013
814771C010,Vít bắt khóa cửa,M0013
8157022002,Tay nắm mở nắp nhiên liệu,M0013
81590CC000,Dây cáp mở nắp nhiên liệu,M0013
81600CC100GYT,Kính trần,M0013
816861Y000,Nút nhận kính trần,M0013
816A0CC000,Ống nước kính trần phía trước LH,M0013
816B0CC000,Ống nước kính trần phía trước RH,M0013
816C0CC000,Ống nước kính trần phía sau LH,M0013
816D0CC000,Ống nước kính trần phía sau RH,M0013
81710CC000,Tappi cốp phía dưới,M0013
817463N000,Nút nhận cốp,M0013
81761CC000,Ron viền cốp sau,M0013
81777D9000,Miếng dán cản sau,M0013
81800CC000,Khóa cốp sau,M0013
81830CC010,Ty chống cốp LH,M0013
81840CC010,Ty chống cốp RH,M0013
81900F9700,Khóa trục lái điện,M0013
81905CC140,Bộ chìa khóa,M0013
81905CC730,Bộ chìa khóa,M0013
81910B4500,Khóa trục lái cơ,M0013
819182D000,Kẹp khóa trục lái cơ,M0013
81918B1000,Kẹp khóa trục lái điện,M0013
8191931000,Bu lông bắt khóa trục lái,M0013
82110CC000,Ron body cửa trước LH,M0013
82120CC000,Ron body cửa trước RH,M0013
82130CC000,Ron viền cửa trước LH,M0013
82140CC000,Ron viền cửa trước RH,M0013
8.22E+05,Su đệm capo,M0013
8219128010,Su đệm cửa,M0013
82210CC000,Lông mi cửa trước LH,M0013
82210CC010,Lông mi cửa trước LH,M0013
82220CC000,Lông mi cửa trước RH,M0013
82220CC010,Lông mi cửa trước RH,M0013
82231CC000,Lông nheo cửa trước LH,M0013
82241CC000,Lông nheo cửa trước RH,M0013
82290A7000,Vít bắt lông mi cửa,M0013
82301CC540WK,Tappi cửa trước LH,M0013
82301CC590AXJ,Tappi cửa trước LH,M0013
82301CC590AXQ,Tappi cửa trước LH,M0013
82301CC590AXR,Tappi cửa trước LH,M0013
82302CC500WK,Tappi cửa trước RH,M0013
82302CC510AXJ,Tappi cửa trước RH,M0013
82302CC510AXQ,Tappi cửa trước RH,M0013
82302CC510AXR,Tappi cửa trước RH,M0013
82391CC000,Áo mưa cửa trước LH,M0013
82392CC000,Áo mưa cửa trước RH,M0013
82401CC020,Compa kính cửa trước LH,M0013
82402CC010,Compa kính cửa trước RH,M0013
82410CC020,Kính cửa trước bên trái,M0013
82420CC020,Kính cửa trước bên phải,M0013
82530CC000,Ron viền kính cửa trước LH,M0013
82540CC000,Ron viền kính cửa trước RH,M0013
82610CC010QA1,Tay nắm trong cửa trước LH,M0013
82620CC010QA1,Tay nắm trong cửa trước RH,M0013
82651CC200X,Tay nắm ngoài cửa trước LH,M0013
82651CC727X,Vít bắt tay nắm,M0013
82651CC832X,Ốp ngoài tay nắm cửa trước LH,M0013
82651CC833X,Tay nắm cửa trước LH,M0013
82654CC000,Đệm tay nắm cửa trước LH,M0013
82655CC000,Đế tay nắm cửa trước LH,M0013
82661CC220X,Tay nắm ngoài cửa trước RH,M0013
82661CC827X,Tay nắm ngoài cửa trước RH,M0013
82661CC874X,Ốp ngoài tay nắm cửa trước RH,M0013
82662CC000,Nắp đậy tay nắm ngoài cửa trước Rh,M0013
82664CC000,Đệm tay nắm cửa trước RH,M0013
82665CC000,Đế tay nắm cửa trước RH,M0013
826991G000,Nút nhận tay nắm trong cửa,M0013
82717B4000,Pát tay nắm cửa LH,M0013
83110CC000,Ron body cửa sau LH,M0013
83120CC000,Ron body cửa sau RH,M0013
83130CC000,Ron viền cửa sau LH,M0013
83140CC000,Ron viền cửa sau RH,M0013
831913K030,Nút nhận cửa,M0013
83210CC000,Lông mi cửa sau LH,M0013
83211CC010,Lông mi cửa sau LH,M0013
83220CC000,Lông mi cửa sau RH,M0013
83221CC010,Lông mi cửa sau RH,M0013
83231CC100,Lông nheo cửa sau LH,M0013
83241CC100,Lông nheo cửa sau RH,M0013
83301CC010WK,Tappi cửa sau LH,M0013
83301CC030AXJ,Tappi cửa sau LH,M0013
83301CC030AXQ,Tappi cửa sau LH,M0013
83301CC030AXR,Tappi cửa sau LH,M0013
83302CC010WK,Tappi cửa sau RH,M0013
83302CC030AXJ,Tappi cửa sau RH,M0013
83302CC030AXQ,Tappi cửa sau RH,M0013
83302CC030AXR,Tappi cửa sau RH,M0013
83391CC010,Áo mưa cửa sau LH,M0013
83392CC010,Áo mưa cửa sau RH,M0013
83401CC010,Compa cửa sau LH,M0013
83402CC010,Compa cửa sau RH,M0013
83410CC020,Kính cửa sau bên trái,M0013
83420CC020,Kính cửa sau bên phải,M0013
83530CC000,Ron viền kính cửa sau LH,M0013
83540CC000,Ron viền kính cửa sau RH,M0013
83550CC000,Ray dưới sau cửa sau LH,M0013
83560CC000,Ray dưới sau cửa sau RH,M0013
83610CC010QA1,Tay nắm trong cửa sau LH,M0013
83620CC010QA1,Tay nắm trong cửa sau RH,M0013
83651CC128X,Trục gắng lò xo trong tay nắm cửa,M0013
83651CC200,Tay nắm cửa sau LH,M0013
83651CC740X,Lò xo trong tay nắm cửa,M0013
83651CC857X,Ốp tay nắm cửa sau LH,M0013
83651CC858X,Tay nắm cửa sau LH,M0013
83651CC868X,Đòn bẫy trong tay nắm cửa sau LH,M0013
83651CC868Y,Đế tay nắm cửa sau LH,M0013
83651CC870X,Lò xo tay nắm cửa sau LH,M0013
83651CC872X,Miếng đệm tay nắm sau LH,M0013
83655CC000,Đế tay nắm cửa sau LH,M0013
83661CC200,Tay nắm ngoài cửa sau RH,M0013
83661CC852X,Ốp ngoài tay nắm cửa sau RH,M0013
83661CC853X,Tay nắm ngoài cửa sau RH,M0013
83661CC862X,Đế tay nắm cửa sau RH,M0013
83661CC863X,Đòn bẫy sau RH,M0013
83661CC864X,Lò xo cửa sau RH,M0013
83661CC866X,Miếng đệm tay nắm sau RH,M0013
83665CC000,Đế tay nắm sau RH,M0013
83830CC000,Ốp tam góc ngoài cửa sau LH,M0013
83830CC010,Ốp tam góc ngoài cửa sau LH,M0013
83840CC000,Ốp tam góc ngoài cửa sau RH,M0013
83840CC010,Ốp tam góc ngoài cửa sau RH,M0013
83930CC000,Ốp góc trong cửa sau-LH,M0013
83940CC000,Ốp góc trong cửa sau-RH,M0013
84116CC000,Tấm cách âm gò má-LH,M0013
84120CC000,Tấm cách nhiệt mảng taplo,M0013
84124CC900,Tấm cách nhiệt khoang động cơ,M0013
84126CC000,Tấm cách âm gò má-RH,M0013
84131CC000,Tấm cách âm dưới trụ trước LH,M0013
84133CC000,Tấm cách âm trên trụ trước LH,M0013
841361R350,Nút su nhận sàn trước,M0013
841413R000,Nút nhận sàn giữa,M0013
84141CC000,Tấm cách âm dưới trụ trước RH,M0013
84143CC000,Tấm cách âm trên trụ trước LH,M0013
8414734000,Nút nhận,M0013
84151CC000,Tấm cách âm dưới trụ giữa LH,M0013
84155CC000,Tấm dán trước sàn giữa LH,M0013
84156CC000,Miếng dán sau sàn giữa LH,M0013
84158CC000,Miếng dán giữa sàn sau LH,M0013
84161CC000,Tấm cách âm dưới trụ giữa RH,M0013
84171CC000,Tấm cách âm dưới trụ sau LH,M0013
841721V000,Miếng dán sau sàn giữa  ,M0013
84173CC000,Tấm cách âm trên trụ sau LH,M0013
84175CD700,Miếng dán sàn ,M0013
84181CC000,Tấm cách âm dưới trụ sau RH,M0013
8418328000,Miếng dán trước sàn sau RH,M0013
84183CC000,Tấm cách âm trên trụ sau RH,M0013
8418428000,Miếng dán chồng ồn,M0013
841912G000,Miếng dán mảng sàn sau,M0013
842551G000,Nút nhận sàn sau,M0013
84260CC000WK,Tappi sàn,M0013
84410CC000,Xương taplo,M0013
844342J000,Bu lông bắt xương taplo vào body,M0013
84510CC000GYT,Hộp găng tay,M0013
84510CC000WK,Hộp găng tay,M0013
84610CCAG0YWK,Hộp tựa tay,M0013
84610CCBG0YWK,Hộp tựa tay,M0013
84610CCBH0YWK,Hộp tựa tay,M0013
84617CC900WK,Ốp trên cần thắng tay,M0013
84630CC030YWK,Khay trước hộp tựa tay,M0013
84635CC900,Pát hộp tựa tay,M0013
84637CC900,PÁt sau hộp tựa tay,M0013
84650CC000QA1,Ốp cần số,M0013
84650CC100FHV,Ốp cần số,M0013
84685CC900,Tấm lót hộp tựa tay,M0013
84710CC000WK,Mảng taplo lớn,M0013
84740CC010FHV,Mảng đồng hồ taplo,M0013
84740CC030WK,Mảng đồng hồ taplo,M0013
84750CC010GYT,Ốp taplo dưới trục lái,M0013
84750CC010WK,Ốp taplo dưới trục lái,M0013
84753CC000GYT,Ốp che hộp cầu chì taplo,M0013
84753CC000WK,Ốp che hộp cầu chì taplo,M0013
84760CC000WK,Mảng ốp giữa taplo,M0013
84760CC010GYT,Mảng ốp giữa taplo,M0013
84760CC010WK,Mảng ốp giữa taplo,M0013
84769Q6900,Miếng dán chống ồn taplo,M0013
84770CC000WK,Ốp trong mảng đồng hồ taplo,M0013
84780CC900GYT,Ốp hông taplo LH,M0013
84780CC900WK,Ốp hông taplo LH,M0013
84785CC900GYT,Ốp hông taplo RH,M0013
84785CC900WK,Ốp hông taplo RH,M0013
84790CC000WK,Ốp trang trí bên phải taplo,M0013
84792CC000WK,Ốp trang trí giữa taplo,M0013
84795CC000WK,Ốp trang trí bên trái taplo,M0013
84830CC000WK,Ốp mặt ngoài đồng hồ taplo,M0013
84850CC900WK,Ốp trên trục lái,M0013
84852CC800WK,Ốp dưới trục lái,M0013
84852CC900WK,Ốp dưới trục lái,M0013
851013X100,Gương chiếu hậu trong xe,M0013
85101A4000,Gương chiếu hậu trong xe,M0013
851303F300,Ốp chân gương chiếu hậu trong xe,M0013
85210CC520GYT,Tấm che nắng LH,M0013
85220CC510GYT,Tấm che nắng RH,M0013
85235B1000GYT,Móc tấm che nắng,M0013
85300CC021GYT,La phông,M0013
85305C7000,Miếng chóng nóng trần,M0013
85340H6400GYT,Tay nắm la phông trước RH,M0013
85340H6410GYT,Tay nắm la phông sau LH,M0013
85400CC050GYT,La phông,M0013
85432CC900,Pát bắt tay nắm trần trước RH,M0013
85433CC900,Pát bắt tay nắm trần sau LH,M0013
85434CC900,Pát bắt tay nắm trần sau RH,M0013
85710CC000WK,Tấm lót khoang hành lí,M0013
8571422000,Nút đệm bắt vít ốp hông,M0013
85730CC100WK,Ốp hông khoang hành lí LH,M0013
85740CC000WK,Ốp hông khoang hành lí RH,M0013
8574602000,Nút nhận ốp ghết cốp sau,M0013
85770CC000WK,Ốp ghết cốp sau,M0013
85810CC000GYT,Ốp trụ trước LH,M0013
85820CC000GYT,Ốp trụ trước RH,M0013
85823CC000WK,Ốp chân taplo LH,M0013
85824CC000WK,Ốp chân taplo RH,M0013
85830CC000GYT,Ốp trên trụ giữa LH,M0013
85830CC050GYT,Ốp trên trụ giữa LH,M0013
85835CC000WK,Ốp dưới trụ giữa RH,M0013
85840CC000GYT,Óp trên trụ giữa RH,M0013
85840CC050GYT,Óp trên trụ giữa RH,M0013
85845CC000WK,Ốp dưới trụ giữa RH,M0013
85850CC000GYT,Ốp trụ sau LH,M0013
85860CC000GYT,Ốp trụ sau RH,M0013
85870CC000WK,Ốp bước chân trước LH,M0013
85875CC000WK,Ốp bước chân sau LH,M0013
85880CC000WK,Ốp bước chân trước RH,M0013
85885CC000WK,Óp bước chân sau RH,M0013
85930CC000WK,Tấm lót trên khoang hành lí,M0013
8594507000,Móc tấm lót khoang hành lí,M0013
86110CC510,Kính chắn gió phía trước,M0013
86150CC000,Ốp giàn chuyền,M0013
86153CC000,Ốp góc giàn chuyền LH,M0013
86154CC000,Ốp góc giàn chuyền RH,M0013
861552H100,Nút đệm bắt vít ốp giàn chuyền,M0013
86300CC500,Logo Kia trước,M0013
86300CC600,Logo Kia sau,M0013
86310CC000,Tên SONET,M0013
86350CC010,Mặt ca lăng,M0013
863553,Đai ốc bắt đèn dừng trên cao,M0013
86391CC000,Ốp trên két nước,M0013
86450C9000,Su capo,M0013
86511CC300,Cản trước,M0013
86511CC310,Cản trước,M0013
86512CC300,Ốp dưới cản trước,M0013
86517CC300,Nắp che lỗ móc kéo,M0013
86520CC310,Xốp cản trước,M0013
86531CC300,Lưới tản nhiệt dưới cản trước,M0013
86535CC000,Pát bắt cản trước số 1,M0013
86545CC000,Hốc gió cản trước LH,M0013
86546CC000,Hốc gió cản trước RH,M0013
86551CC000,Pát hông bắt cản trước LH,M0013
86552CC000,Pát hông bắt cản trước RH,M0013
86561CC310,ỐP đèn sương mù LH,M0013
86562CC310,Ốp đèn sương mù RH,M0013
86577CC310,Ốp dưới cản trước,M0013
86581CC300,Pát cảm biến lùi,M0013
86582CC300,Pát cảm biến lùi,M0013
86583CC300,Pát cảm biến lùi,M0013
86584CC300,Pát cảm biến lùi,M0013
8659028000WK,Nút đệm bắt vít tựa tay,M0013
86590CC300,Viền dưới cản trước,M0013
86612CC300,Cản sau,M0013
86629Q6000,Miếng dán cản sau,M0013
86630CC300,Xương cản sau,M0013
86651CC000,Pát hông cản sau LH,M0013
86652CC000,Pát hông cản sau LH,M0013
86656CC300,Ốp hông cản sau LH,M0013
86657CC300,Ốp hông cản sau RH,M0013
86670CC330,Ốp dưới cản sau,M0013
86694CC310,Hốc ống xả cản sau LH,M0013
86695CC310,Hốc ống xả cản sau RH,M0013
86811CC000,Lồng vè chắn bùn bánh trước LH,M0013
86812CC000,Lồng vè chắn bùn bánh trước RH,M0013
86821CC300,Lồng vè chắn bùn bánh sau LH,M0013
86822CC300,Lồng vè chắn bùn bánh sau RH,M0013
8684822000,Nút đệm bắt vít lòng vè chắn bùn,M0013
8691022000,Miếng dán biển số,M0013
87110CC510,Kính lưng,M0013
87110CC530,Kính lưng,M0013
871252,Nút đệm bắt đèn hậu,M0013
871262,Nút đệm bắt đèn hậu,M0013
87130CC000,Ốp trang trí sau cốp LH,M0013
87140CC000,Ốp trang trí sau cốp RH,M0013
87270CC100AAN,Baga mui LH,M0013
87280CC100AAN,Baga mui RH,M0013
87293CC000,Nắp chụp baga mui,M0013
873131C000,Đai ốc bắt đèn hậu,M0013
87539CC000,Miếng dán chóng trầy cửa sau-LH,M0013
87549CC000,Miếng dán chóng trầy cửa sau-RH,M0013
875513K000,Su đệm cửa nhiên liệu,M0013
87610CC300X,Gương chiếu hậu bên trái,M0013
87616CC000,Ốp gương chiếu hậu bên trái,M0013
87620CC300X,Gương chiếu hậu bên phải,M0013
87626CC000,Ốp gương chiếu hậu bên phải,M0013
87650CC010,Ốp trong kính chiếu hậu-LH,M0013
87660CC010,Ốp trong kính chiếu hậu-RH,M0013
87711CC000,Viền gò má trước LH,M0013
87712CC000,Viền gò má trước RH,M0013
87721CC000BKL,Viền trang trí dưới cửa trước LH,M0013
87721CC020AAN,Viền trang trí dưới cửa trước LH,M0013
87722CC000BKL,Viền trang trí dưới cửa trước RH,M0013
87722CC020AAN,Viền trang trí dưới cửa trước RH,M0013
87731CC000BKL,Viền trang trí cửa sau LH,M0013
87731CC020AAN,Viền trang trí cửa sau LH,M0013
87732CC000BKL,Viền trang trí cửa sau RH,M0013
87732CC020AAN,Viền trang trí cửa sau RH,M0013
87741CC000,Viền gò má sau LH,M0013
87742CC000,Viền gò má sau RH,M0013
87751CC000,Ốp lườn hông LH,M0013
87752CC000,Ốp lườn hông RH,M0013
87810CC500,Kính góc sau bên trái,M0013
87810CC510,Kính góc sau bên trái,M0013
87820CC500,Kính góc sau bên phải,M0013
87820CC510,Kính góc sau bên phải,M0013
88003CC240QSA,Ghế trước LH,M0013
88003CC640QSH,Ghế trước LH,M0013
88003CC640QSI,Ghế trước LH,M0013
88003CC700QSH,Ghế trước LH,M0013
88004CC210YQSA,Ghế trước RH,M0013
88004CC560YQSH,Ghế trước RH,M0013
88004CC560YQSI,Ghế trước RH,M0013
88004CC600YQSH,Ghế trước RH,M0013
88810CC000WK,Dây an toàn trước LH,M0013
88820CC000WK,Dây an toàn trước RH,M0013
888R0CC000,Cảm biến ghế phụ,M0013
89100CC200QSA,Nệm ghế sau,M0013
89100CC400QSH,Nệm ghế sau,M0013
89100CC400QSI,Nệm ghế sau,M0013
89300CC280QSA,Xương lưng ghế sau,M0013
89300CC430QSH,Xương lưng ghế sau,M0013
89300CC430QSI,Xương lưng ghế sau,M0013
896302V000,Móc nệm ghế sau,M0013
89757CC000,Nắp đậy lỗ ốp hông LH,M0013
89758CC000,Nắp đậy lỗ ốp hông RH,M0013
89797CC000,Pát bắt ghế sau ở giữa,M0013
89798CC000,Pát bắt ghế sau LH,M0013
89799CC000,Pát bắt ghế sau RH,M0013
89810CC000WK,Dây an toàn sau LH,M0013
89820CC000WK,Dây an toàn sau RH,M0013
898B0CC000WK,Khóa ngậm dây an toàn sau RH,M0013
898C0CC000WK,Khóa ngậm dây an toàn sau LH,M0013
91104CC440,Dây điện taplo,M0013
91104CC450,Dây điện taplo,M0013
91104CC480,Dây điện taplo,M0013
91104CC490,Dây điện taplo,M0013
91241CC890,Dây điện cầu chì,M0013
91243CC160,Dây điện cầu chì,M0013
91243CC170,Dây điện cầu chì,M0013
91503CC680,Dây điện sàn,M0013
91504CC530,Dây điện sàn,M0013
91504CC540,Dây điện sàn,M0013
91600CC520,Dây điện cửa trước LH,M0013
91601CC370,Dây điện cửa trước LH,M0013
91610CC020,Dây điện cửa trước RH,M0013
91610CC500,Dây điện cửa trước RH,M0013
91620CC010,Dây điện cửa sau LH,M0013
91630CC010,Dây điện cửa sau RH,M0013
917913S000,Vít bắt công tắt trên cửa,M0013
91850CC410,Dây điện bình điện,M0013
91850CC420,Dây điện bình điện,M0013
91861CC040,Dây diện động cơ,M0013
91862CC060,Dây điện hộp số,M0013
91862CC070,Dây điện hộp số,M0013
91880CC030,Dây điện cản sau,M0013
91890CC020,Dây điện cản trước,M0013
91931A7020,Pát dây điện động cơ,M0013
91931M6060,Pát dây điện động cơ,M0013
91940T7000,Hộp cầu chì taplo,M0013
91950CC311,Hộp cầu chì taplo,M0013
91952CC191,Hộp cầu chì taplo,M0013
91956CC010,Nắp hộp cầu chì taplo,M0013
92101CC030,Đèn pha bên trái,M0013
92101CC130,Đèn pha bên trái,M0013
92102CC030,Đèn pha bên phải,M0013
92102CC130,Đèn pha bên phải,M0013
921730U000,Nút nhận đèn pha,M0013
92201CC000,Đèn sương mù trước-LH,M0013
92202CC000,Đèn sương mù trước-RH,M0013
92401CC000,Đèn sau bên ngoài LH,M0013
92401CC100,Đèn sau bên ngoài LH,M0013
92402CC000,Đèn sau bên ngoài RH,M0013
92402CC100,Đèn sau bên ngoài RH,M0013
92403CC000,Đèn sau bên trong LH,M0013
92403CC100,Đèn sau bên trong LH,M0013
92404CC000,Đèn sau bên trong RH,M0013
92404CC100,Đèn sau bên trong RH,M0013
92405CC500,Đèn cảnh báo cản sau LH,M0013
92406CC500,Đèn cảnh báo cản sau RH,M0013
924153M000,Đai ốc bắt kính hông,M0013
924852H000,Nút nhận bắt đèn hậu,M0013
92490CC100,Đèn giữa trang trí cốp sau,M0013
92501H6000,Đèn biển số-LH,M0013
92502H6000,Đèn biển số-RH,M0013
92620C7000,Đèn khoang hành lí,M0013
92700CC000,Đèn dừng trên cao,M0013
92800F2010GYT,Đèn trần trước,M0013
92810F2000GYT,Đèn trần trước,M0013
92850C7010GYT,Đèn trần sau,M0013
93400Q6650,Công tắc đa năng trên vô lăng,M0013
93490S1130,Vòng túi khí,M0013
93500CC000,Nút start,M0013
935602V000,Nút công tắc trên cửa,M0013
93700CC050CDD,Công tắc bên hông trái taplo,M0013
93700CC060CDD,Công tắc bên hông trái taplo,M0013
94003CC070,94003-CC070: Đồng hồ taplo,M0013
95440CC400,Remote,M0013
95460G8300,Cảm biến ăng ten smartkey,M0013
95460L1100,Cảm biến ăng ten smartkey,M0013
954A0CC250,Hộp IBU,M0013
954A0CCBL0,Hộp IBU,M0013
957101R000,Còi báo ze,M0013
95910CC200,Bộ điều khiển túi khí,M0013
95910CC300,Bộ điều khiển túi khí,M0013
95920M6000,Cảm biến va chạm trên két nước,M0013
96120CC100,Giắc cắm USB,M0013
96125Q5500,Đầu sạc USB sau hộp tựa tay,M0013
96160CC700BLH,Đầu AVN,M0013
96210CC100,Angten vây cá,M0013
96217C5000,Đai ốc bắt ăng teng,M0013
96220CC100,Dây cáp angten trên taplo,M0013
96230CC150,Dây cáp angten trên la phông,M0013
96230CC170,Dây cáp angten trên la phông,M0013
96330Q0000,Loa cửa trước,M0013
96340Q0000,Loa cửa sau,M0013
96611CC000,Còi âm lượng thấp,M0013
96621CC000,Còi âm lượng cao,M0013
96630CC000,Còi chống trộm,M0013
969852D700,Cảm biến môi trường,M0013
97010CC000,Ống gió sàn số 1,M0013
97200CC000,Bộ ổ gió taplo,M0013
97200CC200,Bộ ổ gió taplo,M0013
97250CC000WK,Công tắt điều khiển điều hòa trên taplo,M0013
97250CC330FHV,Công tắt điều khiển điều hòa trên taplo,M0013
97250CCAN0FHV,Công tắt điều khiển điều hòa trên taplo,M0013
97253G3400,Cảm biển ánh sáng,M0013
97253H5000,Cảm biển ánh sáng,M0013
97311CC200,Ống nối ống ga vào bộ ổ gió taplo,M0013
97312CC200,Ống nối ống ga ra bộ ổ gió taplo,M0013
97313G4000,Roan su bắt ống nươc vào bộ sưởi,M0013
97410CC900FHV,Ổ gió trên taplo,M0013
9751017000,Lưới thông gió sau hông LH,M0013
975102F200,Lưới thông gió sau hông RH,M0013
9751922000,Nút đệm bắn vít ốp cản sau,M0013
97651B2000,Su bắt ống ga lạnh vào bộ sưởi,M0013
97699K0000,Nhãn ga lạnh,M0013
97701CC100,Máy nén,M0013
97762CC100,Ống ga ra máy nén,M0013
97775CC100,Ống ga lạnh vào máy nén,M0013
98100CC000,Motor cần gạt nước trước,M0013
981313N000,Bu lông bắt mô tơ cần gạt nước,M0013
981364D000,Đâi ốc cần gạt nước,M0013
98310CC000,Cần gạt nước trước LH,M0013
98320CC000,Cần gạt nước trước RH,M0013
983902T000,Nắp cần gạt trước,M0013
98610CC000,Bình nước rửa kính,M0013
98660CC000,Ống nước rửa kính trước,M0013
98700CC000,Motor cần gạt nước sau,M0013
98810CC000,Cần gạt nước sau,M0013
989403W000,Nút su ống nước rửa kính,M0013
98950CC000,Ống nước rửa kính sau số 1,M0013
98960CC000,Ống nước rửa kính sau số 2,M0013
98980CC000,Ống nước rửa kính sau số 3,M0013
99240CC300,Camera lùi,M0013
99240CC600,Camera lùi,M0013
99330BV100AAN,Cảm biến đỗ xe,M0013
99330BV200,Cảm biến đỗ xe,M0013
99330T7100,Cảm biến đỗ xe,M0013
G06K,G06K: Động cơ xăng hiệu G4FL,M0013
G26K,G26K: Động cơ xăng hiệu G4FL,M0013
